﻿术语,意义,别名
Stage,关卡,
DiceBundle,骰子组，比如默认的骰子组包含两颗骰子，一颗正骰子，一颗负骰子,在玩家侧，显示为 News
Dice,骰子，一般只见于骰子投掷结果,
Edge,遗物,
HandCardSlot,手牌槽、手牌区，每个槽位可以放一个卡牌,Hand
TableCardSlot,桌牌槽、桌牌区，每个槽位可以放一个卡牌，并区分顶牌、底牌,Table
Card,卡牌,
Reward,奖励，每关结束时让三选一。奖励分为 DiceBundle 奖励、Edge 奖励,
Score,积分。分为 Goal（目标积分）和 Total（当前积分）,