﻿目录,作用,备注
Assets,项目根目录,
Assets/Res_Editor,编辑时资源,可视化编辑器、编辑器工具。这些资源不会被编译进最终的可执行文件。去掉它们不会影响游戏运行。
Assets/Res_Runtime,运行时资源,配置表、图片、音乐等。这些资源会被编译进最终的可执行文件。游戏运行依赖它们。
Assets/Plugins,插件,手动维护的插件及其配置文件。有别于 Package 里基于包管理系统维护的插件。可以是编译后的 .dll，也可以是可修改的源码。
Assets/Scripts_Editor,编辑时代码,用于编写可视化编辑器、编辑器工具的代码。这些代码不会被编译进最终的可执行文件。去掉它们不会影响游戏运行。
Assets/Scripts_Runtime,运行时代码,维持整个游戏运行的代码。ClientMain 是代码入口。
Assets/Doc,文档,字符集、TodoList、设计(草稿)
Package,插件,基于 UPM 包管理系统维护的插件。不提交到 Github 上，Unity 会根据 manifest.json 自动下载安装。可以配置不同平台编译不同插件。